{
  "command.activateIcons": "Helium Icon Theme: Activar los iconos",
  "command.toggleIconPacks": "Helium Icons: Configurar paquetes de iconos",
  "command.changeFolderTheme": "Helium Icons: Personalizar iconos de carpetas",
  "command.changeFolderColor": "Helium Icons: Cambiar color de carpeta",
  "command.restoreDefaultConfig": "Helium Icons: Restaurar la configuración predeterminada",
  "command.toggleExplorerArrows": "Helium Icons: Deshabilitar flechas delante de carpetas",
  "command.changeOpacity": "Helium Icons: Cambiar la opacidad",
  "configuration.title": "Helium Icons",
  "configuration.files.associations": "Configurar asociaciones personalizadas de iconos de archivos.",
  "configuration.folders.associations": "Configurar asociaciones personalizadas de iconos de carpetas.",
  "configuration.languages.associations": "Configurar asociaciones personalizadas de iconos de idioma.",
  "configuration.showWelcomeMessage": "Mostrar mensaje de bienvenida después de la primera instalación.",
  "configuration.showUpdateMessage": "Mostrar mensaje al actualizar.",
  "configuration.showReloadMessage": "Mostrar mensaje de reinicio.",
  "configuration.activeIconPack": "Seleccione un paquete de iconos que permita iconos específicos.",
  "configuration.activeIconPack.angular": "Iconos de Angular.",
  "configuration.activeIconPack.angular_ngrx": "Iconos de Angular y ngrx.",
  "configuration.activeIconPack.react": "Iconos de React.",
  "configuration.activeIconPack.react_redux": "Iconos de React y Redux.",
  "configuration.activeIconPack.vue": "Iconos de Vue.",
  "configuration.activeIconPack.vue_vuex": "Iconos de Vue y Vuex.",
  "configuration.activeIconPack.nest": "Iconos de NestJS.",
  "configuration.activeIconPack.none": "No hay ningún paquete de iconos activo.",
  "configuration.folders.theme": "Seleccione el tipo de iconos de carpeta.",
  "configuration.folders.theme.specific": "Seleccione iconos de carpeta específicos.",
  "configuration.folders.theme.classic": "Seleccione iconos de carpetas clásicas.",
  "configuration.folders.theme.none": "Sin iconos de carpeta.",
  "configuration.folders.color": "Cambia el color de las carpetas.",
  "configuration.hidesExplorerArrows": "Deshabilitar flechas delante de carpetas.",
  "configuration.opacity": "Cambia la opacidad de los iconos."
}
