{
	"name": "FireFly",
	"type": "dark",
	"colors": {
		"focusBorder": "#292d36",
		"foreground": "#a8aebd",
		"selection.background": "#c3c3c3",

		"titleBar.activeBackground": "#191823",
        "titleBar.activeForeground": "#a8aebd",
        "titleBar.inactiveBackground": "#3d3b57",
        "titleBar.inactiveForeground": "#b7b7b7",
        "titleBar.border": "#000000",
        
		"textBlockQuote.background": "#0d1016",
		"textLink.foreground": "#a4bd00",
		"textLink.activeForeground": "#a0a8bd",
        "textPreformat.foreground": "#a0a8bd",
        
		"button.background": "#a4bd00",
		"button.foreground": "#151515",
		"button.hoverBackground": "#869c30",

		"dropdown.background": "#151515",
		"dropdown.foreground": "#3d424d",
		"dropdown.border": "#333b12",

		"input.background": "#000000",
		"input.border": "#191e25",
		"input.foreground": "#b3b8c5",
		"input.placeholderForeground": "#2e323c",
		"inputOption.activeBorder": "#e6b450",
		"inputValidation.errorBackground": "#0a0e14",
		"inputValidation.errorBorder": "#fc0404",
		"inputValidation.infoBackground": "#0a0e14",
		"inputValidation.infoBorder": "#39bae6",
		"inputValidation.warningBackground": "#0a0e14",
		"inputValidation.warningBorder": "#ffb454",
		
		"scrollbar.shadow": "#01060e",
		"scrollbarSlider.background": "#2a2a2a", 
		"scrollbarSlider.hoverBackground": "#343434",
		"scrollbarSlider.activeBackground": "#3f3f3f",

		"badge.background": "#a4bd00",
		"badge.foreground": "#0a0e14",
		"progressBar.background": "#a4bd00",

		"list.activeSelectionBackground": "#0a0a0a",
		"list.activeSelectionForeground": "#a8aebd",
		"list.inactiveSelectionBackground": "#0a0a0a",
		"list.inactiveSelectionForeground": "#a4bd00",

		"list.focusBackground": "#2a2a2a",
		"list.focusForeground": "#a8aebd",
		"list.highlightForeground": "#bebebe",
		"list.hoverBackground": "#0a0a0a",
		"list.hoverForeground": "#b8b8b8",
		"list.invalidItemForeground": "#2e323c",
		"list.errorForeground" : "#cc0000",
	
		"activityBar.background": "#191823",
		"activityBar.foreground": "#a4bd00",
		"activityBar.border": "#000000",
		"activityBarBadge.background": "#a4bd00",
        "activityBarBadge.foreground": "#0a0e14",
        
		"sideBar.background": "#20202c",
		"sideBar.foreground": "#a8aebd",
		"sideBar.border": "#0a0a0a",
		"sideBarTitle.foreground": "#d2d2d2",
		"sideBarSectionHeader.background": "#20202c",
		"sideBarSectionHeader.foreground": "#d2d2d2",
        
		"editorGroup.border": "#01060e",
		"editorGroupHeader.noTabsBackground": "#0a0e14",
		"editorGroupHeader.tabsBackground": "#20202c",
		"editorGroupHeader.tabsBorder": "#0a0e14",
		
		"breadcrumb.background": "#000000",
		"breadcrumb.foreground": "#a0a8bd",
		"breadcrumb.focusForeground": "#d6d6d6",
		"breadcrumb.activeSelectionForeground": "#3f3f3f",
		"breadcrumbPicker.background": "#151515",
        
		"tab.activeBackground": "#323044",
		"tab.activeForeground": "#d6d6d6",
		"tab.border": "#000000",
		"tab.activeBorder": "#000000",
		"tab.unfocusedActiveBorder": "#3d424d",
		"tab.inactiveBackground": "#20202c",
		"tab.inactiveForeground": "#a0a8bd",
		"tab.unfocusedActiveForeground": "#3d424d",
        "tab.unfocusedInactiveForeground": "#3d424d",
        
		"editor.background": "#ECF0F3",
		"editor.foreground": "#032F3E",
		"editorLineNumber.foreground": "#4d5466",
		"editorLineNumber.activeForeground": "#3d424de6",
		"editorCursor.foreground": "#bde5f1",
		"editor.selectionBackground": "#474747",
		"editor.inactiveSelectionBackground": "#121922",
		"editor.selectionHighlightBackground": "#ccd5d8",
		"editor.selectionHighlightBorder": "#ccd5d8",
		"editor.wordHighlightBackground": "#121922",
		"editor.wordHighlightStrongBackground": "#e6b45033",
		"editor.findMatchBackground": "#e6b4500d",
		"editor.findMatchBorder": "#e6b450",
		"editor.findMatchHighlightBackground": "#e6b4500d",
		"editor.findMatchHighlightBorder": "#e6b45059",
		"editor.findRangeHighlightBackground": "#121922",
		"editor.findRangeHighlightBorder": "#0a0e1400",
		"editor.lineHighlightBackground": "#01060e",
		"editorLink.activeForeground": "#e6b450",
		"editor.rangeHighlightBackground": "#01060e",
		"editorWhitespace.foreground": "#3d424d99",
		"editorIndentGuide.background": "#3d424d66",
		"editorIndentGuide.activeBackground": "#3d424db3",
		"editorRuler.foreground": "#3d424d66",
		"editorCodeLens.foreground": "#626a73",
		"editorBracketMatch.background": "#3d424d4d",
		"editorBracketMatch.border": "#3d424d99",
		"editorOverviewRuler.border": "#01060e",
		"editorOverviewRuler.modifiedForeground": "#6994bf99",
		"editorOverviewRuler.addedForeground": "#91b36299",
		"editorOverviewRuler.deletedForeground": "#d96c7599",
		"editorOverviewRuler.errorForeground": "#ff3333",
		"editorOverviewRuler.warningForeground": "#e6b450",
		"editorError.foreground": "#ff3333",
		"editorWarning.foreground": "#e6b450",
		"editorGutter.modifiedBackground": "#6994bf99",
		"editorGutter.addedBackground": "#91b36299",
		"editorGutter.deletedBackground": "#d96c7599",
		"diffEditor.insertedTextBackground": "#c2d94c26",
		"diffEditor.removedTextBackground": "#f2966826",
		"editorWidget.background": "#0d1016",
		"editorWidget.border" : "#a4bd00",
		"editorSuggestWidget.background": "#0d1016",
		"editorSuggestWidget.border": "#000000",
		"editorSuggestWidget.highlightForeground": "#e6b450",
		"editorSuggestWidget.selectedBackground": "#01060e",
		"editorHoverWidget.background": "#0d1016",
		"editorHoverWidget.border": "#000000",
		"debugExceptionWidget.border": "#01060e",
		"debugExceptionWidget.background": "#0d1016",
		"editorMarkerNavigation.background": "#0d1016",
		"peekView.border": "#01060e",
		"peekViewEditor.background": "#0d1016",
		"peekViewEditor.matchHighlightBackground": "#e6b45033",
		"peekViewResult.background": "#0d1016",
		"peekViewResult.fileForeground": "#3d424d",
		"peekViewResult.matchHighlightBackground": "#e6b45033",
		"peekViewTitle.background": "#0d1016",
		"peekViewTitleDescription.foreground": "#3d424d",
		"peekViewTitleLabel.foreground": "#3d424d",

		"panel.background": "#0a0a0a",
		"panel.border": "#a4bd00",
		"panelTitle.activeBorder": "#a4bd00",
		"panelTitle.activeForeground": "#a0a8bd",
		"panelTitle.inactiveForeground": "#86898f",
		
		"menu.background": "#151515",
		"menu.foreground": "#d6d6d6",

		"statusBar.background": "#191823",
		"statusBar.foreground": "#787e8d",
		"statusBar.border": "#000000",
		"statusBar.debuggingBackground": "#f29668",
		"statusBar.debuggingForeground": "#0a0e14",
		"statusBar.noFolderBackground": "#0d1016",
		"statusBarItem.activeBackground": "#00000050",
		"statusBarItem.hoverBackground": "#00000030",
		"statusBarItem.prominentBackground": "#01060e",
        "statusBarItem.prominentHoverBackground": "#00000030",
		
		"extensionButton.prominentForeground": "#0a0e14",
		"extensionButton.prominentBackground": "#e6b450",
		"extensionButton.prominentHoverBackground": "#e1af4b",
		"pickerGroup.border": "#01060e",
		"pickerGroup.foreground": "#242831",
		"debugToolBar.background": "#0d1016",
        "walkThrough.embeddedEditorBackground": "#0d1016",
        
		"gitDecoration.modifiedResourceForeground": "#6994bfb3",
		"gitDecoration.deletedResourceForeground": "#d96c75b3",
		"gitDecoration.untrackedResourceForeground": "#6e7035",
		"gitDecoration.ignoredResourceForeground": "#242831",
		"gitDecoration.conflictingResourceForeground": "#ff5300",
        "gitDecoration.submoduleResourceForeground": "#ffee99b3",
        
		"settings.headerForeground": "#b3b1ad",
        "settings.modifiedItemIndicator": "#6994bf",
        
		"terminal.background": "#191823",
		"terminal.foreground": "#b3b8c5", 
		"terminal.ansiBlack": "#01060e",
		"terminal.ansiRed": "#ea6c73",
		"terminal.ansiGreen": "#91b362",
		"terminal.ansiYellow": "#f9af4f",
		"terminal.ansiBlue": "#53bdfa",
		"terminal.ansiMagenta": "#fae994",
		"terminal.ansiCyan": "#90e1c6",
		"terminal.ansiWhite": "#c7c7c7",
		"terminal.ansiBrightBlack": "#686868",
		"terminal.ansiBrightRed": "#f07178",
		"terminal.ansiBrightGreen": "#c2d94c",
		"terminal.ansiBrightYellow": "#ffb454",
		"terminal.ansiBrightBlue": "#59c2ff",
		"terminal.ansiBrightMagenta": "#ffee99",
		"terminal.ansiBrightCyan": "#95e6cb",
		"terminal.ansiBrightWhite": "#ffffff"
	},
	"tokenColors": [
		{
			"settings": {
				"background": "#0a0e14",
				"foreground": "#b3b8c5"
			}
		},
		{
			"name": "Comment",
			"scope": [
				"comment"
			],
			"settings": {
				"fontStyle": "italic",
				"foreground": "#626a73"
			}
		},
		{
			"name": "String",
			"scope": [
				"string",
				"constant.other.symbol"
			],
			"settings": {
				"foreground": "#a4bd00"
			}
		},
		{
			"name": "Regular Expressions and Escape Characters",
			"scope": [
				"string.regexp",
				"constant.character",
				"constant.other"
			],
			"settings": {
				"foreground": "#95e6cb"
			}
		},
		{
			"name": "Number",
			"scope": [
				"constant.numeric"
			],
			"settings": {
				"foreground": "#e6e600"
			}
		},
		{
			"name": "Built-in constants",
			"scope": [
				"constant.language"
			],
			"settings": {
				"foreground": "#e6b450"
			}
		},
		{
			"name": "Variable",
			"scope": [
				"variable"
			],
			"settings": {
				"foreground": "#a8aebd"
			}
		},
		{
			"name": "Member Variable",
			"scope": [
				"variable.member"
			],
			"settings": {
				"foreground": "#f07178"
			}
		},
		{
			"name": "Language variable",
			"scope": [
				"variable.language"
			],
			"settings": {
				"fontStyle": "italic",
				"foreground": "#39bae6"
			}
		},
		{
			"name": "Storage",
			"scope": [
				"storage"
			],
			"settings": {
				"foreground": "#827db5"
			}
		},
		{
			"name": "Keyword",
			"scope": [
				"keyword"
			],
			"settings": {
				"foreground": "#827db5"
			}
		},
		{
			"name": "Operators",
			"scope": [
				"keyword.operator"
			],
			"settings": {
				"foreground": "#ff6600"
			}
		},
		{
			"name": "Separators like ; or ,",
			"scope": [
				"punctuation.separator",
				"punctuation.terminator"
			],
			"settings": {
				"foreground": "#b3b3b3"
			}
		},
		{
			"name": "Punctuation",
			"scope": [
				"punctuation.section"
			],
			"settings": {
				"foreground": "#a8aebd"
			}
		},
		{
			"name": "Accessor",
			"scope": [
				"punctuation.accessor"
			],
			"settings": {
				"foreground": "#f29668"
			}
		},
		{
			"name": "Types fixes",
			"scope": [
				"source.java storage.type",
				"source.haskell storage.type",
				"source.c storage.type"
			],
			"settings": {
				"foreground": "#59c2ff"
			}
		},
		{
			"name": "Inherited class type",
			"scope": [
				"entity.other.inherited-class"
			],
			"settings": {
				"foreground": "#39bae6"
			}
		},
		{
			"name": "Lambda arrow",
			"scope": [
				"storage.type.function"
			],
			"settings": {
				"foreground": "#c1d841"
			}
		},
		{
			"name": "Java primitive variable types",
			"scope": [
				"source.java storage.type.primitive"
			],
			"settings": {
				"foreground": "#39bae6"
			}
		},
		{
			"name": "Function name",
			"scope": [
				"entity.name.function"
			],
			"settings": {
				"foreground": "#ff8533"
			}
		},
		{
			"name": "Function arguments",
			"scope": [
				"variable.parameter",
				"meta.parameter"
			],
			"settings": {
				"foreground": "#827db5"
			}
		},
		{
			"name": "Function call",
			"scope": [
				"variable.function",
				"variable.annotation",
				"meta.function-call.generic",
				"support.function.go"
			],
			"settings": {
				"foreground": "#ffb454"
			}
		},
		{
			"name": "Library function",
			"scope": [
				"support.function",
				"support.macro"
			],
			"settings": {
				"foreground": "#ff0066"
			}
		},
		{
			"name": "Imports and packages",
			"scope": [
				"entity.name.import",
				"entity.name.package"
			],
			"settings": {
				"foreground": "#c2d94c"
			}
		},
		{
			"name": "Entity name",
			"scope": [
				"entity.name"
			],
			"settings": {
				"foreground": "#59c2ff"
			}
		},
		{
			"name": "Tag",
			"scope": [
				"entity.name.tag",
				"meta.tag.sgml"
			],
			"settings": {
				"foreground": "#39bae6"
			}
		},
		{
			"name": "Tag start/end",
			"scope": [
				"punctuation.definition.tag.end",
				"punctuation.definition.tag.begin",
				"punctuation.definition.tag"
			],
			"settings": {
				"foreground": "#39bae680"
			}
		},
		{
			"name": "Tag attribute",
			"scope": [
				"entity.other.attribute-name"
			],
			"settings": {
				"foreground": "#fb8c00"
			}
		},
		{
			"name": "Library constant",
			"scope": [
				"support.constant"
			],
			"settings": {
				"fontStyle": "italic",
				"foreground": "#f29668"
			}
		},
		{
			"name": "Library class/type",
			"scope": [
				"support.type",
				"support.class",
				"source.go storage.type"
			],
			"settings": {
				"foreground": "#39bae6"
			}
		},
		{
			"name": "Decorators/annotation",
			"scope": [
				"meta.decorator variable.other",
				"meta.decorator punctuation.decorator",
				"storage.type.annotation"
			],
			"settings": {
				"foreground": "#e6b673"
			}
		},
		{
			"name": "Invalid",
			"scope": [
				"invalid"
			],
			"settings": {
				"foreground": "#ff0066"
			}
		},
		{
			"name": "diff.header",
			"scope": [
				"meta.diff",
				"meta.diff.header"
			],
			"settings": {
				"foreground": "#c594c5"
			}
		},
		{
			"name": "Ruby class methods",
			"scope": [
				"source.ruby variable.other.readwrite"
			],
			"settings": {
				"foreground": "#ffb454"
			}
		},
		{
			"name": "CSS tag names",
			"scope": [
				"source.css entity.name.tag",
				"source.sass entity.name.tag",
				"source.scss entity.name.tag",
				"source.less entity.name.tag",
				"source.stylus entity.name.tag"
			],
			"settings": {
				"foreground": "#59c2ff"
			}
		},
		{
			"name": "CSS browser prefix",
			"scope": [
				"source.css support.type",
				"source.sass support.type",
				"source.scss support.type",
				"source.less support.type",
				"source.stylus support.type"
			],
			"settings": {
				"foreground": "#626a73"
			}
		},
		{
			"name": "CSS Properties",
			"scope": [
				"support.type.property-name"
			],
			"settings": {
				"fontStyle": "bold",
				"foreground": "#39bae6"
			}
		},
		{
			"name": "Search Results Nums",
			"scope": [
				"constant.numeric.line-number.find-in-files - match"
			],
			"settings": {
				"foreground": "#626a73"
			}
		},
		{
			"name": "Search Results Match Nums",
			"scope": [
				"constant.numeric.line-number.match"
			],
			"settings": {
				"foreground": "#ff8f40"
			}
		},
		{
			"name": "Search Results Lines",
			"scope": [
				"entity.name.filename.find-in-files"
			],
			"settings": {
				"foreground": "#c2d94c"
			}
		},
		{
			"scope": [
				"message.error"
			],
			"settings": {
				"foreground": "#ff3333"
			}
		},
		{
			"name": "Markup heading",
			"scope": [
				"markup.heading",
				"markup.heading entity.name"
			],
			"settings": {
				"fontStyle": "bold",
				"foreground": "#c2d94c"
			}
		},
		{
			"name": "Markup links",
			"scope": [
				"markup.underline.link",
				"string.other.link"
			],
			"settings": {
				"foreground": "#39bae6"
			}
		},
		{
			"name": "Markup Italic",
			"scope": [
				"markup.italic"
			],
			"settings": {
				"fontStyle": "italic",
				"foreground": "#f07178"
			}
		},
		{
			"name": "Markup Bold",
			"scope": [
				"markup.bold"
			],
			"settings": {
				"fontStyle": "bold",
				"foreground": "#f07178"
			}
		},
		{
			"name": "Markup Bold/italic",
			"scope": [
				"markup.italic markup.bold",
				"markup.bold markup.italic"
			],
			"settings": {
				"fontStyle": "bold italic"
			}
		},
		{
			"name": "Markup Code",
			"scope": [
				"markup.raw"
			],
			"settings": {
				"background": "#b3b1ad05"
			}
		},
		{
			"name": "Markup Code Inline",
			"scope": [
				"markup.raw.inline"
			],
			"settings": {
				"background": "#b3b1ad0f"
			}
		},
		{
			"name": "Markdown Separator",
			"scope": [
				"meta.separator"
			],
			"settings": {
				"fontStyle": "bold",
				"background": "#b3b1ad0f",
				"foreground": "#626a73"
			}
		},
		{
			"name": "Markup Blockquote",
			"scope": [
				"markup.quote"
			],
			"settings": {
				"foreground": "#95e6cb",
				"fontStyle": "italic"
			}
		},
		{
			"name": "Markup List Bullet",
			"scope": [
				"markup.list punctuation.definition.list.begin"
			],
			"settings": {
				"foreground": "#ffb454"
			}
		},
		{
			"name": "Markup added",
			"scope": [
				"markup.inserted"
			],
			"settings": {
				"foreground": "#91b362"
			}
		},
		{
			"name": "Markup modified",
			"scope": [
				"markup.changed"
			],
			"settings": {
				"foreground": "#6994bf"
			}
		},
		{
			"name": "Markup removed",
			"scope": [
				"markup.deleted"
			],
			"settings": {
				"foreground": "#d96c75"
			}
		},
		{
			"name": "Markup Strike",
			"scope": [
				"markup.strike"
			],
			"settings": {
				"foreground": "#e6b673"
			}
		},
		{
			"name": "Markup Table",
			"scope": [
				"markup.table"
			],
			"settings": {
				"background": "#b3b1ad0f",
				"foreground": "#39bae6"
			}
		},
		{
			"name": "Markup Raw Inline",
			"scope": [
				"text.html.markdown markup.inline.raw"
			],
			"settings": {
				"foreground": "#f29668"
			}
		},
		{
			"name": "Markdown - Line Break",
			"scope": [
				"text.html.markdown meta.dummy.line-break"
			],
			"settings": {
				"background": "#626a73",
				"foreground": "#626a73"
			}
		},
		{
			"name": "Markdown - Raw Block Fenced",
			"scope": [
				"punctuation.definition.markdown"
			],
			"settings": {
				"background": "#b3b1ad",
				"foreground": "#626a73"
			}
		}
	]
}